transaction_type,qty_sold,valid_order,transaction_date,child_id,account_type,parent_name,parent_id,region,child_name,week_end_date,month_year,quarter_year,year,is_business_day
PAP,2,1,2022-03-07,LOC-LVW4Y62K57N3+H-MNZ00EGX5LLDZ,Academic,UNIVERSITY OF MICHIGAN,HS-E8NZG94D1217G,Central,UNIVERSITY OF MICHIGAN HEALTH SYSTEM,2022-03-11,2022-03,2022-Q1,2022,1
PAP,2,1,2022-03-15,LOC-LVW4Y62K57N3+H-MNZ00EGX5LLDZ,Academic,UNIVERSITY OF MICHIGAN,HS-E8NZG94D1217G,Central,UNIVERSITY OF MICHIGAN HEALTH SYSTEM,2022-03-18,2022-03,2022-Q1,2022,1
PAP,2,0,2022-03-16,LOC-O772RWWK76R2+PG-8X9ME9LZ62YY8,Non Academic - Clinic,SARCOMA ONCOLOGY CENTER,PBE-MG9D9JKEZ2J5,West,SARCOMA ONCOLOGY CENTER,2022-03-18,2022-03,2022-Q1,2022,1
PAP,4,1,2022-03-28,LOC-P5R782J91WZYZ+H-E78ZL1PEGO0K,Academic,MEDSTAR HEALTH,HS-6O1RPELX18R4,East,GEORGETOWN UNIVERSITY HOSPITAL,2022-04-01,2022-03,2022-Q1,2022,1
PAP,4,0,2022-03-28,LOC-O772RWWK76R2+PG-8X9ME9LZ62YY8,Non Academic - Clinic,SARCOMA ONCOLOGY CENTER,PBE-MG9D9JKEZ2J5,West,SARCOMA ONCOLOGY CENTER,2022-04-01,2022-03,2022-Q1,2022,1
PAP,6,0,2022-03-28,LOC-O772RWWK76R2+PG-8X9ME9LZ62YY8,Non Academic - Clinic,SARCOMA ONCOLOGY CENTER,PBE-MG9D9JKEZ2J5,West,SARCOMA ONCOLOGY CENTER,2022-04-01,2022-03,2022-Q1,2022,1
PAP,4,1,2022-03-30,LOC-V534MNXM8PLY7+PG-79ORK15YM67QX,Academic,NORTHWESTERN MEDICINE,HS-O5DNDJG6M50,Central,NORTHWESTERN MEDICAL GROUP,2022-04-01,2022-03,2022-Q1,2022,1
PAP,6,0,2022-04-14,LOC-O772RWWK76R2+PG-8X9ME9LZ62YY8,Non Academic - Clinic,SARCOMA ONCOLOGY CENTER,PBE-MG9D9JKEZ2J5,West,SARCOMA ONCOLOGY CENTER,2022-04-15,2022-04,2022-Q2,2022,1
PAP,4,0,2022-04-14,LOC-O772RWWK76R2+PG-8X9ME9LZ62YY8,Non Academic - Clinic,SARCOMA ONCOLOGY CENTER,PBE-MG9D9JKEZ2J5,West,SARCOMA ONCOLOGY CENTER,2022-04-15,2022-04,2022-Q2,2022,1
PAP,4,1,2022-04-18,LOC-P5R782J91WZYZ+H-E78ZL1PEGO0K,Academic,MEDSTAR HEALTH,HS-6O1RPELX18R4,East,GEORGETOWN UNIVERSITY HOSPITAL,2022-04-22,2022-04,2022-Q2,2022,1
PAP,2,1,2022-03-09,LOC-P5R782J91WZYZ+H-E78ZL1PEGO0K,Academic,MEDSTAR HEALTH,HS-6O1RPELX18R4,East,GEORGETOWN UNIVERSITY HOSPITAL,2022-03-11,2022-03,2022-Q1,2022,1
PAP,4,1,2022-04-20,LOC-V534MNXM8PLY7+PG-79ORK15YM67QX,Academic,NORTHWESTERN MEDICINE,HS-O5DNDJG6M50,Central,NORTHWESTERN MEDICAL GROUP,2022-04-22,2022-04,2022-Q2,2022,1
PAP,6,0,2022-05-02,LOC-O772RWWK76R2+PG-8X9ME9LZ62YY8,Non Academic - Clinic,SARCOMA ONCOLOGY CENTER,PBE-MG9D9JKEZ2J5,West,SARCOMA ONCOLOGY CENTER,2022-05-06,2022-05,2022-Q2,2022,1
PAP,4,0,2022-05-02,LOC-O772RWWK76R2+PG-8X9ME9LZ62YY8,Non Academic - Clinic,SARCOMA ONCOLOGY CENTER,PBE-MG9D9JKEZ2J5,West,SARCOMA ONCOLOGY CENTER,2022-05-06,2022-05,2022-Q2,2022,1
COM,6,1,2022-05-18,LOC-1NYN135LJMRKP+H-79DKYELRJGKLJ,Academic,JACKSON HEALTH,HS-R16JLLLJ9K747,East,PUBLIC HEALTH TRUST OF MIAMI DADE COUNTY FLORIDA,2022-05-20,2022-05,2022-Q2,2022,1
PAP,4,0,2022-05-23,LOC-O772RWWK76R2+PG-8X9ME9LZ62YY8,Non Academic - Clinic,SARCOMA ONCOLOGY CENTER,PBE-MG9D9JKEZ2J5,West,SARCOMA ONCOLOGY CENTER,2022-05-27,2022-05,2022-Q2,2022,1
PAP,6,0,2022-06-13,LOC-O772RWWK76R2+PG-8X9ME9LZ62YY8,Non Academic - Clinic,SARCOMA ONCOLOGY CENTER,PBE-MG9D9JKEZ2J5,West,SARCOMA ONCOLOGY CENTER,2022-06-17,2022-06,2022-Q2,2022,1
PAP,4,0,2022-06-13,LOC-O772RWWK76R2+PG-8X9ME9LZ62YY8,Non Academic - Clinic,SARCOMA ONCOLOGY CENTER,PBE-MG9D9JKEZ2J5,West,SARCOMA ONCOLOGY CENTER,2022-06-17,2022-06,2022-Q2,2022,1
COM,6,1,2022-06-13,LOC-1NYN135LJMRKP+H-79DKYELRJGKLJ,Academic,JACKSON HEALTH,HS-R16JLLLJ9K747,East,PUBLIC HEALTH TRUST OF MIAMI DADE COUNTY FLORIDA,2022-06-17,2022-06,2022-Q2,2022,1
PAP,4,0,2022-07-05,LOC-O772RWWK76R2+PG-8X9ME9LZ62YY8,Non Academic - Clinic,SARCOMA ONCOLOGY CENTER,PBE-MG9D9JKEZ2J5,West,SARCOMA ONCOLOGY CENTER,2022-07-08,2022-07,2022-Q3,2022,1
PAP,4,1,2022-03-17,LOC-4V1KMZN8849JX+H-YX5X657DZ12LY,Academic,FRED HUTCHINSON CANCER CENTER,HS-N4P66D75JZP6,West,FRED HUTCHINSON CANCER CENTER,2022-03-18,2022-03,2022-Q1,2022,1
PAP,4,1,2022-07-12,LOC-43Z2Q1Q1Y4JX+PG-RLL7RL7PDR1J,Non Academic - Hospital,TENNESSEE ONCOLOGY PLLC,PBE-6N1JD5M21QNX,Central,TENNESSEE ONCOLOGY PHARMACY DISPENSING,2022-07-15,2022-07,2022-Q3,2022,1
COM,4,1,2022-07-19,LOC-V534MNXM8PLY7+PG-79ORK15YM67QX,Academic,NORTHWESTERN MEDICINE,HS-O5DNDJG6M50,Central,NORTHWESTERN MEDICAL GROUP,2022-07-22,2022-07,2022-Q3,2022,1
PAP,6,0,2022-07-20,LOC-O772RWWK76R2+PG-8X9ME9LZ62YY8,Non Academic - Clinic,SARCOMA ONCOLOGY CENTER,PBE-MG9D9JKEZ2J5,West,SARCOMA ONCOLOGY CENTER,2022-07-22,2022-07,2022-Q3,2022,1
PAP,4,0,2022-07-20,LOC-O772RWWK76R2+PG-8X9ME9LZ62YY8,Non Academic - Clinic,SARCOMA ONCOLOGY CENTER,PBE-MG9D9JKEZ2J5,West,SARCOMA ONCOLOGY CENTER,2022-07-22,2022-07,2022-Q3,2022,1
PAP,6,1,2022-07-26,LOC-1NYN135LJMRKP+H-79DKYELRJGKLJ,Academic,JACKSON HEALTH,HS-R16JLLLJ9K747,East,PUBLIC HEALTH TRUST OF MIAMI DADE COUNTY FLORIDA,2022-07-29,2022-07,2022-Q3,2022,1
PAP,4,1,2022-07-26,LOC-43Z2Q1Q1Y4JX+PG-RLL7RL7PDR1J,Non Academic - Hospital,TENNESSEE ONCOLOGY PLLC,PBE-6N1JD5M21QNX,Central,TENNESSEE ONCOLOGY PHARMACY DISPENSING,2022-07-29,2022-07,2022-Q3,2022,1
PAP,6,0,2022-08-15,LOC-O772RWWK76R2+PG-8X9ME9LZ62YY8,Non Academic - Clinic,SARCOMA ONCOLOGY CENTER,PBE-MG9D9JKEZ2J5,West,SARCOMA ONCOLOGY CENTER,2022-08-19,2022-08,2022-Q3,2022,1
PAP,4,0,2022-08-15,LOC-O772RWWK76R2+PG-8X9ME9LZ62YY8,Non Academic - Clinic,SARCOMA ONCOLOGY CENTER,PBE-MG9D9JKEZ2J5,West,SARCOMA ONCOLOGY CENTER,2022-08-19,2022-08,2022-Q3,2022,1
PAP,4,1,2022-05-26,LOC-43Z2Q1Q1Y4JX+PG-RLL7RL7PDR1J,Non Academic - Hospital,TENNESSEE ONCOLOGY PLLC,PBE-6N1JD5M21QNX,Central,TENNESSEE ONCOLOGY PHARMACY DISPENSING,2022-05-27,2022-05,2022-Q2,2022,1
PAP,6,1,2022-08-17,LOC-58KP6Y33482N1+H-D9OK9POGGM2N9,Academic,LIGA PUERTORRIQUENA CONTRA EL CANCER,PBE-2EN27XG6QJKE,East,HOSPITAL ONCOLOGICO DR. ISSAC GONZALEZ MARTINEZ,2022-08-19,2022-08,2022-Q3,2022,1
PAP,4,1,2022-08-23,LOC-43Z2Q1Q1Y4JX+PG-RLL7RL7PDR1J,Non Academic - Hospital,TENNESSEE ONCOLOGY PLLC,PBE-6N1JD5M21QNX,Central,TENNESSEE ONCOLOGY PHARMACY DISPENSING,2022-08-26,2022-08,2022-Q3,2022,1
PAP,6,0,2022-08-30,LOC-O772RWWK76R2+PG-8X9ME9LZ62YY8,Non Academic - Clinic,SARCOMA ONCOLOGY CENTER,PBE-MG9D9JKEZ2J5,West,SARCOMA ONCOLOGY CENTER,2022-09-02,2022-08,2022-Q3,2022,1
PAP,6,1,2022-08-30,LOC-W6M0O3V125ONW+PG-OP1L6O8K4R74E,Non Academic - Hospital,ONCOLOGY & HEMATOLOGY SPECIALISTSP.A.,PBE-07YR1159N9MJ,East,"ONCOLOGY & HEMATOLOGY SPECIALISTS,P.A.",2022-09-02,2022-08,2022-Q3,2022,1
PAP,4,0,2022-09-06,LOC-O772RWWK76R2+PG-8X9ME9LZ62YY8,Non Academic - Clinic,SARCOMA ONCOLOGY CENTER,PBE-MG9D9JKEZ2J5,West,SARCOMA ONCOLOGY CENTER,2022-09-09,2022-09,2022-Q3,2022,1
PAP,6,1,2022-09-13,LOC-58KP6Y33482N1+H-D9OK9POGGM2N9,Academic,LIGA PUERTORRIQUENA CONTRA EL CANCER,PBE-2EN27XG6QJKE,East,HOSPITAL ONCOLOGICO DR. ISSAC GONZALEZ MARTINEZ,2022-09-16,2022-09,2022-Q3,2022,1
PAP,6,0,2022-09-21,LOC-O772RWWK76R2+PG-8X9ME9LZ62YY8,Non Academic - Clinic,SARCOMA ONCOLOGY CENTER,PBE-MG9D9JKEZ2J5,West,SARCOMA ONCOLOGY CENTER,2022-09-23,2022-09,2022-Q3,2022,1
PAP,6,1,2022-10-03,LOC-58KP6Y33482N1+H-D9OK9POGGM2N9,Academic,LIGA PUERTORRIQUENA CONTRA EL CANCER,PBE-2EN27XG6QJKE,East,HOSPITAL ONCOLOGICO DR. ISSAC GONZALEZ MARTINEZ,2022-10-07,2022-10,2022-Q4,2022,1
PAP,6,0,2022-10-11,LOC-O772RWWK76R2+PG-8X9ME9LZ62YY8,Non Academic - Clinic,SARCOMA ONCOLOGY CENTER,PBE-MG9D9JKEZ2J5,West,SARCOMA ONCOLOGY CENTER,2022-10-14,2022-10,2022-Q4,2022,1
PAP,6,0,2022-10-20,LOC-O772RWWK76R2+PG-8X9ME9LZ62YY8,Non Academic - Clinic,SARCOMA ONCOLOGY CENTER,PBE-MG9D9JKEZ2J5,West,SARCOMA ONCOLOGY CENTER,2022-10-21,2022-10,2022-Q4,2022,1
PAP,2,1,2022-12-14,LOC-LLPRVJM6JPY3O+H-E0QQQRXQEMKG,Academic,ST JOSEPHS HEALTH SYSTEM,HS-GZ7DN1MD2J9E8,East,ST JOSEPHS UNIVERSITY MEDICAL CENTER INC.,2022-12-16,2022-12,2022-Q4,2022,1
PAP,2,1,2022-12-21,LOC-LLPRVJM6JPY3O+H-E0QQQRXQEMKG,Academic,ST JOSEPHS HEALTH SYSTEM,HS-GZ7DN1MD2J9E8,East,ST JOSEPHS UNIVERSITY MEDICAL CENTER INC.,2022-12-23,2022-12,2022-Q4,2022,1
PAP,6,1,2022-12-05,LOC-O772RWWK76R2+PG-8X9ME9LZ62YY8,Non Academic - Clinic,SARCOMA ONCOLOGY CENTER,PBE-MG9D9JKEZ2J5,West,SARCOMA ONCOLOGY CENTER,2022-12-09,2022-12,2022-Q4,2022,1
PAP,6,1,2023-01-11,LOC-O772RWWK76R2+PG-8X9ME9LZ62YY8,Non Academic - Clinic,SARCOMA ONCOLOGY CENTER,PBE-MG9D9JKEZ2J5,West,SARCOMA ONCOLOGY CENTER,2023-01-13,2023-01,2023-Q1,2023,1
PAP,6,1,2023-02-07,LOC-O772RWWK76R2+PG-8X9ME9LZ62YY8,Non Academic - Clinic,SARCOMA ONCOLOGY CENTER,PBE-MG9D9JKEZ2J5,West,SARCOMA ONCOLOGY CENTER,2023-02-10,2023-02,2023-Q1,2023,1
PAP,6,1,2023-03-01,LOC-O772RWWK76R2+PG-8X9ME9LZ62YY8,Non Academic - Clinic,SARCOMA ONCOLOGY CENTER,PBE-MG9D9JKEZ2J5,West,SARCOMA ONCOLOGY CENTER,2023-03-03,2023-03,2023-Q1,2023,1
PAP,6,1,2023-03-21,LOC-O772RWWK76R2+PG-8X9ME9LZ62YY8,Non Academic - Clinic,SARCOMA ONCOLOGY CENTER,PBE-MG9D9JKEZ2J5,West,SARCOMA ONCOLOGY CENTER,2023-03-24,2023-03,2023-Q1,2023,1
PAP,6,1,2023-04-05,LOC-O772RWWK76R2+PG-8X9ME9LZ62YY8,Non Academic - Clinic,SARCOMA ONCOLOGY CENTER,PBE-MG9D9JKEZ2J5,West,SARCOMA ONCOLOGY CENTER,2023-04-07,2023-04,2023-Q2,2023,1
PAP,6,1,2023-05-03,LOC-O772RWWK76R2+PG-8X9ME9LZ62YY8,Non Academic - Clinic,SARCOMA ONCOLOGY CENTER,PBE-MG9D9JKEZ2J5,West,SARCOMA ONCOLOGY CENTER,2023-05-05,2023-05,2023-Q2,2023,1
PAP,6,1,2023-05-24,LOC-O772RWWK76R2+PG-8X9ME9LZ62YY8,Non Academic - Clinic,SARCOMA ONCOLOGY CENTER,PBE-MG9D9JKEZ2J5,West,SARCOMA ONCOLOGY CENTER,2023-05-26,2023-05,2023-Q2,2023,1
PAP,6,1,2023-06-13,LOC-O772RWWK76R2+PG-8X9ME9LZ62YY8,Non Academic - Clinic,SARCOMA ONCOLOGY CENTER,PBE-MG9D9JKEZ2J5,West,SARCOMA ONCOLOGY CENTER,2023-06-16,2023-06,2023-Q2,2023,1
PAP,4,1,2023-06-22,LOC-QX5OYP38O19V+PG-GZ02D411LDQON,Non Academic - Clinic,TAMPA GENERAL,HS-05GQD2J7X1YJ,East,TAMPA GENERAL MEDICAL GROUP INC,2023-06-23,2023-06,2023-Q2,2023,1
PAP,6,1,2023-07-06,LOC-O772RWWK76R2+PG-8X9ME9LZ62YY8,Non Academic - Clinic,SARCOMA ONCOLOGY CENTER,PBE-MG9D9JKEZ2J5,West,SARCOMA ONCOLOGY CENTER,2023-07-07,2023-07,2023-Q3,2023,1
PAP,4,1,2023-07-27,LOC-8X80371P0N21+H-E858KG2Z402XQ,Academic,OSU WEXNER MEDICAL CENTER,HS-JZJEYQ2NG7P48,Central,ARTHUR G JAMES CANCER HOSPITAL AND RESEARCH INSTITUTE,2023-07-28,2023-07,2023-Q3,2023,1
PAP,6,1,2023-08-02,LOC-O772RWWK76R2+PG-8X9ME9LZ62YY8,Non Academic - Clinic,SARCOMA ONCOLOGY CENTER,PBE-MG9D9JKEZ2J5,West,SARCOMA ONCOLOGY CENTER,2023-08-04,2023-08,2023-Q3,2023,1
PAP,4,1,2023-08-14,LOC-WOL07V3M3041+PG-N21ZR9RP1D6M1,Non Academic - Hospital,PROVIDENCE ST. JOSEPH HEALTH,HS-QD8260NMQNXM,West,"KATMAI ONCOLOGY GROUP, LLC",2023-08-18,2023-08,2023-Q3,2023,1
PAP,4,1,2023-09-05,LOC-250KJKPM8NQO+DF-KGK2Y8Z0X6K57,Non Academic - Clinic,SCRIPPS HEALTH,HS-40N01O85QY87,West,SCRIPPS CLINIC,2023-09-08,2023-09,2023-Q3,2023,1
PAP,4,1,2023-09-18,LOC-WOL07V3M3041+PG-N21ZR9RP1D6M1,Non Academic - Hospital,PROVIDENCE ST. JOSEPH HEALTH,HS-QD8260NMQNXM,West,"KATMAI ONCOLOGY GROUP, LLC",2023-09-22,2023-09,2023-Q3,2023,1
PAP,4,1,2023-09-19,LOC-250KJKPM8NQO+DF-KGK2Y8Z0X6K57,Non Academic - Clinic,SCRIPPS HEALTH,HS-40N01O85QY87,West,SCRIPPS CLINIC,2023-09-22,2023-09,2023-Q3,2023,1
PAP,6,1,2023-10-03,LOC-6PKX1RYP39O3+H-OMG85NDJD0E,Non Academic - Hospital,COOK COUNTY HEALTH AND HOSPITALS SYSTEM,HS-8MM26KLMOXJE,Central,COOK COUNTY,2023-10-06,2023-10,2023-Q4,2023,1
PAP,6,1,2023-10-04,LOC-O772RWWK76R2+PG-8X9ME9LZ62YY8,Non Academic - Clinic,SARCOMA ONCOLOGY CENTER,PBE-MG9D9JKEZ2J5,West,SARCOMA ONCOLOGY CENTER,2023-10-06,2023-10,2023-Q4,2023,1
PAP,4,1,2023-10-05,LOC-WOL07V3M3041+PG-N21ZR9RP1D6M1,Non Academic - Hospital,PROVIDENCE ST. JOSEPH HEALTH,HS-QD8260NMQNXM,West,"KATMAI ONCOLOGY GROUP, LLC",2023-10-06,2023-10,2023-Q4,2023,1
PAP,6,1,2023-10-23,LOC-6PKX1RYP39O3+H-OMG85NDJD0E,Non Academic - Hospital,COOK COUNTY HEALTH AND HOSPITALS SYSTEM,HS-8MM26KLMOXJE,Central,COOK COUNTY,2023-10-27,2023-10,2023-Q4,2023,1
PAP,6,1,2023-10-24,LOC-O772RWWK76R2+PG-8X9ME9LZ62YY8,Non Academic - Clinic,SARCOMA ONCOLOGY CENTER,PBE-MG9D9JKEZ2J5,West,SARCOMA ONCOLOGY CENTER,2023-10-27,2023-10,2023-Q4,2023,1
PAP,4,1,2023-10-30,LOC-WOL07V3M3041+PG-N21ZR9RP1D6M1,Non Academic - Hospital,PROVIDENCE ST. JOSEPH HEALTH,HS-QD8260NMQNXM,West,"KATMAI ONCOLOGY GROUP, LLC",2023-11-03,2023-10,2023-Q4,2023,1
PAP,6,1,2023-11-13,LOC-6PKX1RYP39O3+H-OMG85NDJD0E,Non Academic - Hospital,COOK COUNTY HEALTH AND HOSPITALS SYSTEM,HS-8MM26KLMOXJE,Central,COOK COUNTY,2023-11-17,2023-11,2023-Q4,2023,1
PAP,6,1,2023-11-14,LOC-O772RWWK76R2+PG-8X9ME9LZ62YY8,Non Academic - Clinic,SARCOMA ONCOLOGY CENTER,PBE-MG9D9JKEZ2J5,West,SARCOMA ONCOLOGY CENTER,2023-11-17,2023-11,2023-Q4,2023,1
PAP,4,1,2023-11-27,LOC-WOL07V3M3041+PG-N21ZR9RP1D6M1,Non Academic - Hospital,PROVIDENCE ST. JOSEPH HEALTH,HS-QD8260NMQNXM,West,"KATMAI ONCOLOGY GROUP, LLC",2023-12-01,2023-11,2023-Q4,2023,1
PAP,6,1,2023-12-05,LOC-6PKX1RYP39O3+H-OMG85NDJD0E,Non Academic - Hospital,COOK COUNTY HEALTH AND HOSPITALS SYSTEM,HS-8MM26KLMOXJE,Central,COOK COUNTY,2023-12-08,2023-12,2023-Q4,2023,1
PAP,6,1,2023-12-05,LOC-O772RWWK76R2+PG-8X9ME9LZ62YY8,Non Academic - Clinic,SARCOMA ONCOLOGY CENTER,PBE-MG9D9JKEZ2J5,West,SARCOMA ONCOLOGY CENTER,2023-12-08,2023-12,2023-Q4,2023,1
PAP,4,1,2023-12-07,LOC-9ZNV4RQRY1J5+H-0DO5NR27Z9K8,Academic,CITY OF GULFPORT,HS-2JJ67DXQRNQY,Central,MEMORIAL HOSPITAL AT GULFPORT,2023-12-08,2023-12,2023-Q4,2023,1
PAP,4,1,2023-12-19,LOC-WOL07V3M3041+PG-N21ZR9RP1D6M1,Non Academic - Hospital,PROVIDENCE ST. JOSEPH HEALTH,HS-QD8260NMQNXM,West,"KATMAI ONCOLOGY GROUP, LLC",2023-12-22,2023-12,2023-Q4,2023,1
PAP,6,1,2023-12-27,LOC-6PKX1RYP39O3+H-OMG85NDJD0E,Non Academic - Hospital,COOK COUNTY HEALTH AND HOSPITALS SYSTEM,HS-8MM26KLMOXJE,Central,COOK COUNTY,2023-12-29,2023-12,2023-Q4,2023,1
PAP,4,1,2024-01-08,LOC-9ZNV4RQRY1J5+H-0DO5NR27Z9K8,Academic,CITY OF GULFPORT,HS-2JJ67DXQRNQY,Central,MEMORIAL HOSPITAL AT GULFPORT,2024-01-12,2024-01,2024-Q1,2024,1
PAP,6,1,2024-01-17,LOC-O772RWWK76R2+PG-8X9ME9LZ62YY8,Non Academic - Clinic,SARCOMA ONCOLOGY CENTER,PBE-MG9D9JKEZ2J5,West,SARCOMA ONCOLOGY CENTER,2024-01-19,2024-01,2024-Q1,2024,1
PAP,4,1,2024-01-22,LOC-OJ4LXZLQZYP2J+H-Y4ZZ1RN09XDL,Academic,UNIVERSITY OF MIAMI,HS-PEORPNDPOQ9OE,East,SYLVESTER COMPREHENSIVE CANCER CENTER,2024-01-26,2024-01,2024-Q1,2024,1
PAP,6,1,2024-02-05,LOC-6PKX1RYP39O3+H-OMG85NDJD0E,Non Academic - Hospital,COOK COUNTY HEALTH AND HOSPITALS SYSTEM,HS-8MM26KLMOXJE,Central,COOK COUNTY,2024-02-09,2024-02,2024-Q1,2024,1
PAP,6,1,2024-02-06,LOC-O772RWWK76R2+PG-8X9ME9LZ62YY8,Non Academic - Clinic,SARCOMA ONCOLOGY CENTER,PBE-MG9D9JKEZ2J5,West,SARCOMA ONCOLOGY CENTER,2024-02-09,2024-02,2024-Q1,2024,1
PAP,4,1,2024-05-07,LOC-8X80371P0N21+H-E858KG2Z402XQ,Academic,OSU WEXNER MEDICAL CENTER,HS-JZJEYQ2NG7P48,Central,ARTHUR G JAMES CANCER HOSPITAL AND RESEARCH INSTITUTE,2024-05-10,2024-05,2024-Q2,2024,1
PAP,4,1,2024-05-28,LOC-8X80371P0N21+H-E858KG2Z402XQ,Academic,OSU WEXNER MEDICAL CENTER,HS-JZJEYQ2NG7P48,Central,ARTHUR G JAMES CANCER HOSPITAL AND RESEARCH INSTITUTE,2024-05-31,2024-05,2024-Q2,2024,1
PAP,6,1,2024-08-28,LOC-RL7KX3ZXR86W3+H-2P6LJ69ZY8Z,Non Academic - Hospital,TEXAS HEALTH RESOURCES,HS-JZK99PNROD4E6,Central,TEXAS HEALTH HARRIS METHODIST HOSPITAL FORT WORTH,2024-08-30,2024-08,2024-Q3,2024,1
PAP,4,1,2024-09-23,LOC-W64101L95RJQ+H-NEJ86Y71K7NL,Academic,CITY OF HOPE,HS-YQYOKGZZGXEO,West,CITY OF HOPE NATIONAL MEDICAL CENTER,2024-09-27,2024-09,2024-Q3,2024,1
PAP,6,1,2024-09-23,LOC-RL7KX3ZXR86W3+H-2P6LJ69ZY8Z,Non Academic - Hospital,TEXAS HEALTH RESOURCES,HS-JZK99PNROD4E6,Central,TEXAS HEALTH HARRIS METHODIST HOSPITAL FORT WORTH,2024-09-27,2024-09,2024-Q3,2024,1
PAP,4,1,2024-10-09,LOC-W64101L95RJQ+H-NEJ86Y71K7NL,Academic,CITY OF HOPE,HS-YQYOKGZZGXEO,West,CITY OF HOPE NATIONAL MEDICAL CENTER,2024-10-11,2024-10,2024-Q4,2024,1
PAP,6,1,2024-10-15,LOC-RL7KX3ZXR86W3+H-2P6LJ69ZY8Z,Non Academic - Hospital,TEXAS HEALTH RESOURCES,HS-JZK99PNROD4E6,Central,TEXAS HEALTH HARRIS METHODIST HOSPITAL FORT WORTH,2024-10-18,2024-10,2024-Q4,2024,1
PAP,4,1,2024-10-16,LOC-O772RWWK76R2+PG-8X9ME9LZ62YY8,Non Academic - Clinic,SARCOMA ONCOLOGY CENTER,PBE-MG9D9JKEZ2J5,West,SARCOMA ONCOLOGY CENTER,2024-10-18,2024-10,2024-Q4,2024,1
PAP,6,1,2024-10-28,LOC-RL7KX3ZXR86W3+H-2P6LJ69ZY8Z,Non Academic - Hospital,TEXAS HEALTH RESOURCES,HS-JZK99PNROD4E6,Central,TEXAS HEALTH HARRIS METHODIST HOSPITAL FORT WORTH,2024-11-01,2024-10,2024-Q4,2024,1
PAP,4,1,2024-11-11,LOC-W64101L95RJQ+H-NEJ86Y71K7NL,Academic,CITY OF HOPE,HS-YQYOKGZZGXEO,West,CITY OF HOPE NATIONAL MEDICAL CENTER,2024-11-15,2024-11,2024-Q4,2024,1
PAP,4,1,2024-11-20,LOC-M551WWM13XLZN+H-8MRPGX1Q711P,Non Academic - Hospital,U.S. DEPARTMENT OF VETERANS AFFAIRS,HS-Q1Y54KG0X7LZ,Central,NASHVILLE VAMC,2024-11-22,2024-11,2024-Q4,2024,1
PAP,6,1,2024-11-25,LOC-RL7KX3ZXR86W3+H-2P6LJ69ZY8Z,Non Academic - Hospital,TEXAS HEALTH RESOURCES,HS-JZK99PNROD4E6,Central,TEXAS HEALTH HARRIS METHODIST HOSPITAL FORT WORTH,2024-11-29,2024-11,2024-Q4,2024,1
PAP,4,1,2024-12-02,LOC-W64101L95RJQ+H-NEJ86Y71K7NL,Academic,CITY OF HOPE,HS-YQYOKGZZGXEO,West,CITY OF HOPE NATIONAL MEDICAL CENTER,2024-12-06,2024-12,2024-Q4,2024,1
PAP,4,1,2024-12-04,LOC-O772RWWK76R2+PG-8X9ME9LZ62YY8,Non Academic - Clinic,SARCOMA ONCOLOGY CENTER,PBE-MG9D9JKEZ2J5,West,SARCOMA ONCOLOGY CENTER,2024-12-06,2024-12,2024-Q4,2024,1
PAP,4,1,2024-12-18,LOC-M551WWM13XLZN+H-8MRPGX1Q711P,Non Academic - Hospital,U.S. DEPARTMENT OF VETERANS AFFAIRS,HS-Q1Y54KG0X7LZ,Central,NASHVILLE VAMC,2024-12-20,2024-12,2024-Q4,2024,1
PAP,6,1,2024-12-19,LOC-RL7KX3ZXR86W3+H-2P6LJ69ZY8Z,Non Academic - Hospital,TEXAS HEALTH RESOURCES,HS-JZK99PNROD4E6,Central,TEXAS HEALTH HARRIS METHODIST HOSPITAL FORT WORTH,2024-12-20,2024-12,2024-Q4,2024,1
PAP,4,1,2024-12-30,LOC-O772RWWK76R2+PG-8X9ME9LZ62YY8,Non Academic - Clinic,SARCOMA ONCOLOGY CENTER,PBE-MG9D9JKEZ2J5,West,SARCOMA ONCOLOGY CENTER,2025-01-03,2024-12,2024-Q4,2024,1
PAP,4,1,2025-01-02,LOC-W64101L95RJQ+H-NEJ86Y71K7NL,Academic,CITY OF HOPE,HS-YQYOKGZZGXEO,West,CITY OF HOPE NATIONAL MEDICAL CENTER,2025-01-03,2025-01,2025-Q1,2025,1
PAP,4,1,2025-01-27,LOC-O772RWWK76R2+PG-8X9ME9LZ62YY8,Non Academic - Clinic,SARCOMA ONCOLOGY CENTER,PBE-MG9D9JKEZ2J5,West,SARCOMA ONCOLOGY CENTER,2025-01-31,2025-01,2025-Q1,2025,1
PAP,4,1,2025-02-20,LOC-O772RWWK76R2+PG-8X9ME9LZ62YY8,Non Academic - Clinic,SARCOMA ONCOLOGY CENTER,PBE-MG9D9JKEZ2J5,West,SARCOMA ONCOLOGY CENTER,2025-02-21,2025-02,2025-Q1,2025,1
PAP,4,1,2025-03-13,LOC-O772RWWK76R2+PG-8X9ME9LZ62YY8,Non Academic - Clinic,SARCOMA ONCOLOGY CENTER,PBE-MG9D9JKEZ2J5,West,SARCOMA ONCOLOGY CENTER,2025-03-14,2025-03,2025-Q1,2025,1
PAP,4,1,2025-04-08,LOC-O772RWWK76R2+PG-8X9ME9LZ62YY8,Non Academic - Clinic,SARCOMA ONCOLOGY CENTER,PBE-MG9D9JKEZ2J5,West,SARCOMA ONCOLOGY CENTER,2025-04-11,2025-04,2025-Q2,2025,1
PAP,4,1,2025-04-08,LOC-W64101L95RJQ+H-NEJ86Y71K7NL,Academic,CITY OF HOPE,HS-YQYOKGZZGXEO,West,CITY OF HOPE NATIONAL MEDICAL CENTER,2025-04-11,2025-04,2025-Q2,2025,1
PAP,4,1,2025-04-16,LOC-0K5ZRK17X21Q+PG-27P2JYYKJ6Y7,Academic,NORTHEAST GEORGIA HEALTH SYSTEM INC,HS-KGEPEX05DK62L,East,"NORTHEAST GEORGIA PHYSICIANS GROUP, INC.",2025-04-18,2025-04,2025-Q2,2025,1
PAP,4,1,2025-04-24,LOC-O772RWWK76R2+PG-8X9ME9LZ62YY8,Non Academic - Clinic,SARCOMA ONCOLOGY CENTER,PBE-MG9D9JKEZ2J5,West,SARCOMA ONCOLOGY CENTER,2025-04-25,2025-04,2025-Q2,2025,1
PAP,4,1,2025-05-19,LOC-0K5ZRK17X21Q+PG-27P2JYYKJ6Y7,Academic,NORTHEAST GEORGIA HEALTH SYSTEM INC,HS-KGEPEX05DK62L,East,"NORTHEAST GEORGIA PHYSICIANS GROUP, INC.",2025-05-23,2025-05,2025-Q2,2025,1
PAP,4,1,2025-05-29,LOC-O772RWWK76R2+PG-8X9ME9LZ62YY8,Non Academic - Clinic,SARCOMA ONCOLOGY CENTER,PBE-MG9D9JKEZ2J5,West,SARCOMA ONCOLOGY CENTER,2025-05-30,2025-05,2025-Q2,2025,1
PAP,2,1,2025-05-29,LOC-LL21W56R64MXN+H-EKJRRGME927K,Academic,MEMORIAL SLOAN KETTERING CANCER CENTER GROUP,HS-7927Q4XPJX9JJ,East,MEMORIAL HOSPITAL FOR CANCER AND ALLIED DISEASES,2025-05-30,2025-05,2025-Q2,2025,1
PAP,4,1,2025-06-04,LOC-0K5ZRK17X21Q+PG-27P2JYYKJ6Y7,Academic,NORTHEAST GEORGIA HEALTH SYSTEM INC,HS-KGEPEX05DK62L,East,"NORTHEAST GEORGIA PHYSICIANS GROUP, INC.",2025-06-06,2025-06,2025-Q2,2025,1
PAP,4,1,2025-06-17,LOC-0K5ZRK17X21Q+PG-27P2JYYKJ6Y7,Academic,NORTHEAST GEORGIA HEALTH SYSTEM INC,HS-KGEPEX05DK62L,East,"NORTHEAST GEORGIA PHYSICIANS GROUP, INC.",2025-06-20,2025-06,2025-Q2,2025,1
PAP,4,1,2025-06-23,LOC-O772RWWK76R2+PG-8X9ME9LZ62YY8,Non Academic - Clinic,SARCOMA ONCOLOGY CENTER,PBE-MG9D9JKEZ2J5,West,SARCOMA ONCOLOGY CENTER,2025-06-27,2025-06,2025-Q2,2025,1
PAP,2,1,2025-06-24,LOC-LL21W56R64MXN+H-EKJRRGME927K,Academic,MEMORIAL SLOAN KETTERING CANCER CENTER GROUP,HS-7927Q4XPJX9JJ,East,MEMORIAL HOSPITAL FOR CANCER AND ALLIED DISEASES,2025-06-27,2025-06,2025-Q2,2025,1
PAP,4,1,2025-07-17,LOC-O772RWWK76R2+PG-8X9ME9LZ62YY8,Non Academic - Clinic,SARCOMA ONCOLOGY CENTER,PBE-MG9D9JKEZ2J5,West,SARCOMA ONCOLOGY CENTER,2025-07-18,2025-07,2025-Q3,2025,1
PAP,2,1,2026-01-27,LOC-JV285325ZRLQ+H-28GDYEL86G9Y,Academic,UNIVERSITY OF TEXAS,HS-X8PMGZPMG56R,Central,UNIVERSITY OF TEXAS M. D. ANDERSON CANCER CENTER,2026-01-30,2026-01,2026-Q1,2026,1
PAP,2,1,2026-02-03,LOC-JV285325ZRLQ+H-28GDYEL86G9Y,Academic,UNIVERSITY OF TEXAS,HS-X8PMGZPMG56R,Central,UNIVERSITY OF TEXAS M. D. ANDERSON CANCER CENTER,2026-02-06,2026-02,2026-Q1,2026,1
PAP,,,,,,,,,,,,,,1
PAP,,,,,,,,,,,,,,1
PAP,,,,,,,,,,,,,,1
PAP,,,,,,,,,,,,,,1
PAP,,,,,,,,,,,,,,1
PAP,,,,,,,,,,,,,,1
PAP,,,,,,,,,,,,,,1
PAP,,,,,,,,,,,,,,1
PAP,,,,,,,,,,,,,,1
PAP,,,,,,,,,,,,,,1
PAP,,,,,,,,,,,,,,1
PAP,,,,,,,,,,,,,,1
PAP,,,,,,,,,,,,,,1
PAP,,,,,,,,,,,,,,1
