region,parent_id,parent_name_2,parent_name,city,state,account_classification
Central,PBE-2X5YY5KGJ1GNE,Texas Oncology Pa,TEXAS ONCOLOGY PA,El Paso,TX,Sustain Accounts
Central,HS-767Z51GLDK6K,Washington University,WASHINGTON UNIVERSITY,Saint Louis,MO,Sustain Accounts
Central,HS-D9G7DZQ1MEDXG,Duke Health,DUKE HEALTH,Durham,NC,Sustain Accounts
Central,HS-O5DNDJG6M50,Northwestern Medicine,NORTHWESTERN MEDICINE,Chicago,IL,Sustain Accounts
Central,HS-688MO850LOX0,Unc Health,UNC HEALTH,Chapel Hill,NC,Sustain Accounts
Central,HS-07Y5GZZGOQDEO,University of Kentucky,UNIVERSITY OF KENTUCKY,Lexington,KY,Sustain Accounts
Central,HS-X8PMGZPMG56R,University of Texas,UNIVERSITY OF TEXAS,Austin,TX,Sustain Accounts
East,HS-7927Q4XPJX9JJ,Memorial Sloan Kettering Cancer Center Group,MEMORIAL SLOAN KETTERING CANCER CENTER GROUP,New York,NY,Sustain Accounts
East,HS-8XP5L2YP9D1QE,Dana Farber Cancer Institute Inc,DANA FARBER CANCER INSTITUTE INC,Boston,MA,Sustain Accounts
East,HS-2X7YQX5YO7PGE,Emory Healthcare,EMORY HEALTHCARE,Atlanta,GA,Sustain Accounts
East,PBE-N2XD8DKNN0DP6,Florida Cancer Specialists & Research Institute Llc,FLORIDA CANCER SPECIALISTS & RESEARCH INSTITUTE LLC,Tampa,FL,Sustain Accounts
East,PBE-K21ZPKZQ01LP,Virginia Cancer Specialists P.C.,VIRGINIA CANCER SPECIALISTS P.C.,Fairfax,VA,Sustain Accounts
East,HS-8X19J07N746OJ,Johns Hopkins Medicine,JOHNS HOPKINS MEDICINE,Baltimore,MD,Sustain Accounts
East,HS-0E4RZ5QJL5Q8,Umass Memorial Health Care,UMASS MEMORIAL HEALTH CARE,Worcester,MA,Sustain Accounts
East,HS-7ELQ01MO4D28,Mount Sinai Health System,MOUNT SINAI HEALTH SYSTEM,New York,NY,Sustain Accounts
East,HS-6OPJKMDN18P0,Nuvance Health,NUVANCE HEALTH,Danbury,CT,Sustain Accounts
East,HS-JM9X7YKYL578,Dartmouth Health,DARTMOUTH HEALTH,Lebanon,NH,Sustain Accounts
East,PBE-EOX2Q9G1MQPG,Virginia Oncology Associates,VIRGINIA ONCOLOGY ASSOCIATES,Williamsburg,VA,Sustain Accounts
East,HS-8XMJ27KPLOJOJ,Upmc Health,UPMC HEALTH,Pittsburgh,PA,Sustain Accounts
West,HS-Z2E06ODKKYZZL,Stanford Health Care,STANFORD HEALTH CARE,Palo Alto,CA,Sustain Accounts
West,HS-68PRZ4X90NQ20,University of Southern California,UNIVERSITY OF SOUTHERN CALIFORNIA,Los Angeles,CA,Sustain Accounts
West,HS-QD8PD2ZXM6P9M,Kaiser Permanente,KAISER PERMANENTE,Oakland,CA,Sustain Accounts
West,HS-5GG814XMGP29,Sutter Health,SUTTER HEALTH,Sacramento,CA,Sustain Accounts
Central,HS-E8NZG94D1217G,University of Michigan,UNIVERSITY OF MICHIGAN,Ann Arbor,MI,Deepen Base
Central,HS-D8OOZ50KXKOX,Atrium Health,ATRIUM HEALTH,Charlotte,NC,Deepen Base
Central,HS-44GL60KYY6DM7,Franciscan Missionaries of Our Lady Health System,FRANCISCAN MISSIONARIES OF OUR LADY HEALTH SYSTEM,Baton Rouge,LA,Deepen Base
Central,HS-YXPXLEPMDEOGO,Froedtert Health,FROEDTERT HEALTH,Milwaukee,WI,Deepen Base
Central,HS-YXZ97Z07NDEG6,Vanderbilt University,VANDERBILT UNIVERSITY,Nashville,TN,Deepen Base
Central,HS-N2YE595DO7E96,Ssm Health,SSM HEALTH,Bridgeton,MO,Deepen Base
Central,HS-M6Z2RDE9YDXX,Rush Health,RUSH HEALTH,Chicago,IL,Deepen Base
Central,P-27157_1,Wake Forest Baptist hospital,WAKE FOREST BAPTIST HOSPITAL,Winston Salem,NC,Deepen Base
East,PBE-R40MGG22YO0L,North Shore Hematology Oncology Associates Pc,NORTH SHORE HEMATOLOGY ONCOLOGY ASSOCIATES PC,Port Jefferson Station,NY,Deepen Base
East,PBE-07RM20QMKYXMJ,Maine Center For Cancer Medicine & Blood Disorders Pa,MAINE CENTER FOR CANCER MEDICINE & BLOOD DISORDERS PA,Scarborough,ME,Deepen Base
East,PBE-146D1885KP0J,Maryland Oncology Hematology Pa,MARYLAND ONCOLOGY HEMATOLOGY PA,Silver Spring,MD,Deepen Base
East,HS-QQ1GKRL57EMD,Christiana Care Health System,CHRISTIANA CARE HEALTH SYSTEM,Wilmington,DE,Deepen Base
East,HS-PEORPNDPOQ9OE,University of Miami,UNIVERSITY OF MIAMI,Coral Gables,FL,Deepen Base
East,HS-XXK98YJ11LK,Newyork - Presbyterian Health,NEWYORK - PRESBYTERIAN HEALTH,New York,NY,Deepen Base
West,HS-D78JDE86PNYK,Uchealth,UCHEALTH,Aurora,CO,Deepen Base
West,PBE-MG9D9JKEZ2J5,Sarcoma Oncology Center,SARCOMA ONCOLOGY CENTER,Santa Monica,CA,Deepen Base
West,HS-K94JR6QYJ8N5,Cedars-Sinai Health System,CEDARS-SINAI HEALTH SYSTEM,Los Angeles,CA,Deepen Base
West,HS-YQYOKGZZGXEO,City of Hope,CITY OF HOPE,Duarte,CA,Deepen Base
Central,HS-5PXELR95D1L9,Cleveland Clinic,CLEVELAND CLINIC,Cleveland,OH,Unlock Growth
Central,HS-8XXK1NKZX6KKN,Mayo Clinic Hospital Rochester,MAYO CLINIC HOSPITAL ROCHESTER,Rochester,MN,Unlock Growth
Central,HS-OPP8QZDMX0OPQ,Cancer And Hematology Centers of Western Michigan Pc,CANCER AND HEMATOLOGY CENTERS OF WESTERN MICHIGAN PC,Grand Rapids,MI,Unlock Growth
Central,HS-LMX4O474J67D,University of Tennessee System,UNIVERSITY OF TENNESSEE SYSTEM,Knoxville,TN,Unlock Growth
Central,PBE-6N1JD5M21QNX,Tennessee Oncology Pllc,TENNESSEE ONCOLOGY PLLC,Cleveland,TN,Unlock Growth
Central,HS-Z2JL542OO1OKM,Fairview Health Services,FAIRVIEW HEALTH SERVICES,Minneapolis,MN,Unlock Growth
Central,PBE-07Q6NXDZJD79O,The West Clinic Pllc,THE WEST CLINIC PLLC,Germantown,TN,Unlock Growth
Central,HS-JZJEYQ2NG7P48,Osu Wexner Medical Center,OSU WEXNER MEDICAL CENTER,Columbus,OH,Unlock Growth
Central,HS-GK5GL18RDDJO,University of Iowa,UNIVERSITY OF IOWA,Iowa City,IA,Unlock Growth
Central,HS-N20RL6RNKED96,Indiana University,INDIANA UNIVERSITY,Indianapolis,IN,Unlock Growth
East,HS-JMY5Y41DQMYG,H. Lee Moffitt Cancer Center And Research Institute,H. LEE MOFFITT CANCER CENTER AND RESEARCH INSTITUTE,Tampa,FL,Unlock Growth
East,PBE-0LKG26DY20E8,Oncology Specialties P.C.,ONCOLOGY SPECIALTIES P.C.,Huntsville,AL,Unlock Growth
East,PBE-KZORXZ6OQNZ7,New York Oncology Hematology Pc,NEW YORK ONCOLOGY HEMATOLOGY PC,Albany,NY,Unlock Growth
East,HS-XGMYLKGKGO6LZ,Mayo Clinic Jacksonville,MAYO CLINIC JACKSONVILLE,Jacksonville,FL,Unlock Growth
East,HS-OP5OXXK2KNLJQ,Nyu Langone Health,NYU LANGONE HEALTH,New York,NY,Unlock Growth
East,HS-1Z1RK600D768,Beth Israel Lahey Health,BETH ISRAEL LAHEY HEALTH,Wayland,MA,Unlock Growth
East,HS-0721LZD9J2K1E,University of Pennsylvania Health System,UNIVERSITY OF PENNSYLVANIA HEALTH SYSTEM,Philadelphia,PA,Unlock Growth
East,HS-2XZ82KXNNGQ7Z,Temple University,TEMPLE UNIVERSITY,Philadelphia,PA,Unlock Growth
East,HS-6LL5Y5ZGQKJ0,Virginia Commonwealth University School of Medicine,VIRGINIA COMMONWEALTH UNIVERSITY SCHOOL OF MEDICINE,Richmond,VA,Unlock Growth
East,HS-D6L8J29XR0M5,Mass General Brigham Inc,MASS GENERAL BRIGHAM INC,Somerville,MA,Unlock Growth
East,HS-DKKDEXY40RYG,Uab Health System,UAB HEALTH SYSTEM,Tuscaloosa,AL,Unlock Growth
West,HS-XGR5Q4NGJR177,Commonspirit Health,COMMONSPIRIT HEALTH,Chicago,IL,Unlock Growth
West,HS-R14XQME7QNQXL,Mayo Clinic Arizona,MAYO CLINIC ARIZONA,Scottsdale,AZ,Unlock Growth
West,PBE-Y92LK908K76O,The Oncology Institute Ca A Professional Corporation,THE ONCOLOGY INSTITUTE CA A PROFESSIONAL CORPORATION,Las Vegas,NV,Unlock Growth
West,PBE-EXQJOY7ZX20M,Rocky Mountain Cancer Centers Llp,ROCKY MOUNTAIN CANCER CENTERS LLP,Denver,CO,Unlock Growth
West,HS-XGG90516X9PQZ,Uc San Diego Health,UC SAN DIEGO HEALTH,San Diego,CA,Unlock Growth
West,HS-R6ZLY9ZZN49P,Ucla Health System,UCLA HEALTH SYSTEM,Los Angeles,CA,Unlock Growth
West,HS-0MYD9Y6OM7Q8,The University of Utah,THE UNIVERSITY OF UTAH,Salt Lake City,UT,Unlock Growth
West,PBE-KND28G6QJ5P7,Compass Oncology,COMPASS ONCOLOGY,Vancouver,WA,Unlock Growth
West,PBE-LNZ54OE881G0D,Kamalesh K Sankhala Md Inc,KAMALESH K SANKHALA MD INC,Beverly Hills,CA,Unlock Growth
West,HS-OGO7PK4XEQEG,University of California San Francisco,UNIVERSITY OF CALIFORNIA SAN FRANCISCO,San Francisco,CA,Unlock Growth
West,HS-YZ557GEZYE2Y,Oregon Health & Science University,OREGON HEALTH & SCIENCE UNIVERSITY,Portland,OR,Unlock Growth
West,HS-MRK9M0XEQ615,University of California Davis,UNIVERSITY OF CALIFORNIA DAVIS,Davis,CA,Unlock Growth
West,HS-DLPMRR51JJZG,The University of Kansas Health System,THE UNIVERSITY OF KANSAS HEALTH SYSTEM,Kansas City,KS,Unlock Growth
